timestamp,vibration
0.0,0.08452628519001781
0.005,0.36290582941467814
0.01,0.6603979470697618
0.015,0.7700421891980775
0.02,0.6215423574168897
0.025,0.457239563487503
0.03,0.2298193049005143
0.035,-0.03390420309479836
0.04,0.0056444218963283
0.045,-0.06465319615379982
0.05,-0.18168835148008486
0.055,-0.2662836772102249
0.06,-0.3929706052452033
0.065,-0.5945874814272635
0.07,-0.6780902066720086
0.075,-0.6722553071488079
0.08,-0.3325668980798221
0.085,0.011646208893126935
0.09,0.40922002354029496
0.095,0.6154203754929767
0.1,0.8909330234102042
0.105,0.7337931677673739
0.11,0.47669390566886183
0.115,0.3146431215013461
0.12,-0.030901251989293436
0.125,-0.2493106302539657
0.13,-0.25683375426451915
0.135,-0.37191725524255537
0.14,-0.24485459133027682
0.145,-0.4044542462319774
0.15,-0.5305073374435831
0.155,-0.5079714117453938
0.16,-0.5978127470478256
0.165,-0.2885018937415138
0.17,-0.08796350660189539
0.17500000000000002,0.3586718006522017
0.18,0.639014073715169
0.185,0.9123477718893221
0.19,0.8599225511890335
0.195,0.5136531460351851
0.2,0.24776150040954292
0.20500000000000002,-0.10376457824839198
0.21,-0.2658735157831488
0.215,-0.41137854434342636
0.22,-0.4556937676526569
0.225,-0.43803721165398746
0.23,-0.3375141541869295
0.23500000000000001,-0.2899956343761935
0.24,-0.4285909904228935
0.245,-0.4346327299884648
0.25,-0.15439905688340336
0.255,0.045212056535051615
0.26,0.38446665442671707
0.265,0.6960459627204102
0.27,0.8343429674607785
0.275,0.7779117237947399
0.28,0.4825909105348658
0.28500000000000003,0.2294489305587577
0.29,-0.1486155023943749
0.295,-0.33353882666639834
0.3,-0.518058387870995
0.305,-0.5783881708981039
0.31,-0.4121107251766038
0.315,-0.2545188455084463
0.32,-0.33313960075383686
0.325,-0.3580553781664642
0.33,-0.3428502271565699
0.335,-0.21737432183442054
0.34,0.0478357545045157
0.34500000000000003,0.3040218683338683
0.35000000000000003,0.7227701141507088
0.355,0.7998697820041791
0.36,0.793900462736521
0.365,0.635867003007146
0.37,0.28034302774932596
0.375,-0.18741334364751405
0.38,-0.45378270294344986
0.385,-0.5715156874322679
0.39,-0.5993843331435329
0.395,-0.5604563257672963
0.4,-0.30013449551814864
0.405,-0.18815167400345154
0.41000000000000003,-0.16183225085485967
0.41500000000000004,-0.1911249494840493
0.42,-0.07166941469199009
0.425,0.07621057528353983
0.43,0.33225519599764347
0.435,0.6620692998430767
0.44,0.8369881085890425
0.445,0.7889581561224618
0.45,0.5823626559581384
0.455,0.23758119212584736
0.46,-0.196250467994334
0.465,-0.5280555697739377
0.47000000000000003,-0.7284343265063417
0.47500000000000003,-0.6869249072144842
0.48,-0.4236462159344389
0.485,-0.2926741214482808
0.49,-0.17980543939993854
0.495,-0.07914309788656945
0.5,-0.043224499579286584
0.505,0.07426528276677288
0.51,0.18227687290372355
0.515,0.2639700050609226
0.52,0.5609603251278339
0.525,0.6556579211860519
0.53,0.7660881249699784
0.535,0.5321145958847963
0.54,0.2815248611470208
0.545,-0.2266560822923487
0.55,-0.5693245932952599
0.555,-0.7404968288384851
0.56,-0.7077117119611598
0.5650000000000001,-0.5689309157753738
0.5700000000000001,-0.40891695505041414
0.5750000000000001,-0.09660403114595993
0.58,0.06298028600361666
0.585,0.12349428697059052
0.59,0.15020211692514351
0.595,0.32024815121190847
0.6,0.3133504566352245
0.605,0.4292595512629763
0.61,0.6215972017666643
0.615,0.6147981655142468
0.62,0.4665907204025807
0.625,0.2158417858491668
0.63,-0.1807458309338431
0.635,-0.5458455269228997
0.64,-0.740258019942214
0.645,-0.7998197226162103
0.65,-0.6787342558253525
0.655,-0.38113508442776445
0.66,-0.08889405810974053
0.665,0.17535958412948266
0.67,0.22927138633113053
0.675,0.22194123677899782
0.68,0.31837619083718216
0.685,0.27266968284799603
0.6900000000000001,0.3095312886546033
0.6950000000000001,0.5017362161624161
0.7000000000000001,0.4640648046424225
0.705,0.41799939389555485
0.71,0.11733404227615662
0.715,-0.2604658438099802
0.72,-0.6165149595294402
0.725,-0.8191319019593669
0.73,-0.8546309676514102
0.735,-0.7245900801434574
0.74,-0.3934503508068115
0.745,-0.11015207901381746
0.75,0.2507244472488125
0.755,0.3187200619284017
0.76,0.43236875610058145
0.765,0.43724009250555873
0.77,0.4112671868870468
0.775,0.4336012910734542
0.78,0.29246242515186766
0.785,0.4116729445500776
0.79,0.3545907198553388
0.795,0.14379310742767235
0.8,-0.25219102905767543
0.805,-0.5095339920750405
0.81,-0.6786117236812085
0.8150000000000001,-0.9141126726464753
0.8200000000000001,-0.6754081809822926
0.8250000000000001,-0.33616524335258824
0.8300000000000001,-0.05008678433708979
0.835,0.34442187672211305
0.84,0.4617143421777887
0.845,0.5209844892525823
0.85,0.4525256488419161
0.855,0.3932459152469247
0.86,0.2927753554958
0.865,0.30520726053007424
0.87,0.1895584057811863
0.875,0.17021291279201003
0.88,0.07668577367694082
0.885,-0.18515065185154106
0.89,-0.5622829696122432
0.895,-0.6928162067466693
0.9,-0.8323189328411088
0.905,-0.6724772751917368
0.91,-0.3804630066011601
0.915,0.05551378056965556
0.92,0.3661239106611863
0.925,0.5069029429488804
0.93,0.5974597667894244
0.935,0.6180773799390493
0.9400000000000001,0.4053197572931593
0.9450000000000001,0.3146052171551426
0.9500000000000001,0.1640888436782944
0.9550000000000001,0.057224835152498446
0.96,0.09935881637300205
0.965,-0.09420189629892836
0.97,-0.33249559960717584
0.975,-0.3539465072890606
0.98,-0.7565259527292825
0.985,-0.7178457320992838
0.99,-0.6118143504378983
0.995,-0.37884940478664586
1.0,-0.08416984218190939
1.0050000000000001,0.4369534447147672
1.01,0.5866797530539055
1.0150000000000001,0.6824849468037321
1.02,0.6429050932149304
1.025,0.4965615135480596
1.03,0.24486951947995284
1.035,0.09437042651185223
1.04,-0.0674206699141956
1.045,-0.10328728627757554
1.05,-0.20727374219001096
1.055,-0.27354953681157074
1.06,-0.38857916636454654
1.065,-0.59651106336643
1.07,-0.6421797749976503
1.075,-0.6282569491017433
1.08,-0.38991549331390024
1.085,0.007410596115145437
1.09,0.38575295221188216
1.095,0.7213658642165376
1.1,0.8173125509311772
1.105,0.8130937057642019
1.11,0.48507617760762883
1.115,0.20182687797547763
1.12,-0.08063850368552239
1.125,-0.17563779692567663
1.1300000000000001,-0.20243091455953086
1.135,-0.29451628221428877
1.1400000000000001,-0.29980803193542316
1.145,-0.34770269229698353
1.1500000000000001,-0.49972511863389135
1.155,-0.5875517833815765
1.16,-0.46660431003852837
1.165,-0.3104223832800031
1.17,0.03508545884130208
1.175,0.4503494401460626
1.18,0.756490861918631
1.185,0.8218887814049445
1.19,0.7453430213189233
1.195,0.544339280297446
1.2,0.19908546154043155
1.205,-0.1897583241498923
1.21,-0.23050852341625339
1.215,-0.3727686181473901
1.22,-0.3334579091618799
1.225,-0.4065281069440093
1.23,-0.2922600688368837
1.235,-0.4317885273196926
1.24,-0.4474449256219557
1.245,-0.47847373250479325
1.25,-0.2583474868365858
1.2550000000000001,0.021856767568657884
1.26,0.3701269282085492
1.2650000000000001,0.7053423130804337
1.27,0.8439791197325445
1.2750000000000001,0.8421746720789378
1.28,0.5309311745540723
1.285,0.15456692896399882
1.29,-0.14483204945338507
1.295,-0.36177472096840657
1.3,-0.4373853758002083
1.305,-0.4423736051933871
1.31,-0.49540222696477876
1.315,-0.32064279244276994
1.32,-0.24094985596119622
1.325,-0.3104337167980892
1.33,-0.3089727560507641
1.335,-0.14941543864601164
1.34,0.037683342133471784
1.345,0.39497663130197563
1.35,0.6472384347979491
1.355,0.8836515503077699
1.36,0.8134431815863312
1.365,0.5277607926406819
1.37,0.23540866592264542
1.375,-0.12997611028507608
1.3800000000000001,-0.49880420645761536
1.385,-0.629556736775892
1.3900000000000001,-0.7050007238061005
1.395,-0.42638538367110307
1.4000000000000001,-0.3622574999007916
1.405,-0.33898676284611196
1.41,-0.2710459665737407
1.415,-0.15609522447066257
1.42,-0.023835050555039657
1.425,0.10129583528619432
1.43,0.37082964582036787
1.435,0.5421500588704886
1.44,0.6934408455657587
1.445,0.7997732867853034
1.45,0.5795326229279716
1.455,0.20222430015097573
1.46,-0.13153372741312117
1.465,-0.5718319196039721
1.47,-0.7157653832279047
1.475,-0.6328129681713414
1.48,-0.44475384565584575
1.485,-0.3357048079126444
1.49,-0.07872361784852672
1.495,-0.08567229602705677
1.5,0.0164874924063849
1.5050000000000001,0.04685558612905549
1.51,0.08328716540907075
1.5150000000000001,0.34902472966311754
1.52,0.583281049921662
1.5250000000000001,0.6767181835149157
1.53,0.6912293108747141
1.5350000000000001,0.5939187625460496
1.54,0.13315268015400009
1.545,-0.2786291585693955
1.55,-0.5876273571982286
1.555,-0.8153183857555175
1.56,-0.6931946630964093
1.565,-0.5817405843300267
1.57,-0.3904454130727629
1.575,-0.13647302440071418
1.58,0.20492140861273292
1.585,0.1144432143437225
1.59,0.14450614819219482
1.595,0.2480846477409215
1.6,0.3647824036870271
1.605,0.4826397750480905
1.61,0.544310266802374
1.615,0.5503076631479388
1.62,0.5001884413802885
1.625,0.1740671859955164
1.6300000000000001,-0.2872487502404115
1.635,-0.50540497730375
1.6400000000000001,-0.7497015936362608
1.645,-0.8260492546132311
1.6500000000000001,-0.660901354504675
1.655,-0.35144798358715984
1.6600000000000001,-0.09719590351403076
1.665,0.09745785827266067
1.67,0.2992965188766053
1.675,0.24160820655476561
1.68,0.33350478477171425
1.685,0.26743533690323257
1.69,0.40216973206721673
1.695,0.4762874500438181
1.7,0.5887489274306558
1.705,0.3399739573044028
1.71,0.07312943893452585
1.715,-0.23667658968835173
1.72,-0.6105257051593383
1.725,-0.8228736641282941
1.73,-0.8199217784003906
1.735,-0.6448182044925259
1.74,-0.2964168913677946
1.745,-0.07018067278217552
1.75,0.38192694010002604
1.7550000000000001,0.5075117655426439
1.76,0.43188523194577527
1.7650000000000001,0.28780438806184033
1.77,0.35251463148057516
1.7750000000000001,0.35150766291175073
1.78,0.2553143635988442
1.7850000000000001,0.3774282774011023
1.79,0.28426889700822106
1.795,0.055479693963304384
1.8,-0.17439337841083594
1.805,-0.4798564146244655
1.81,-0.7959233685458463
1.815,-0.8277750025013474
1.82,-0.7319646593491657
1.825,-0.4311100437949811
1.83,-0.011282397525665441
1.835,0.34144443951129194
1.84,0.4870943246414708
1.845,0.45091143024174973
1.85,0.5226689033175682
1.855,0.30380263964257315
1.86,0.3034243499591285
1.865,0.3464528117051888
1.87,0.2357308842278814
1.875,0.11728919506370081
1.8800000000000001,-0.04442700183466146
1.885,-0.15466643419608506
1.8900000000000001,-0.4968983276087945
1.895,-0.6990894663974498
1.9000000000000001,-0.7620829489537291
1.905,-0.6941967167784008
1.9100000000000001,-0.41092723928415104
1.915,-0.052819548487947475
1.92,0.20617067538852765
1.925,0.5236932118261917
1.93,0.6624730774005498
1.935,0.5727565598528349
1.94,0.4384135676078208
1.945,0.2513719222400376
1.95,0.15838477840568263
1.955,0.1340680615318114
1.96,0.000986231457861704
1.965,-0.06818990718017545
1.97,-0.31022446578405144
1.975,-0.4084916454425517
1.98,-0.6590676128014161
1.985,-0.7251752681916562
1.99,-0.5816327813723923
1.995,-0.3322254056690255
2.0,-0.0030000721509439903
2.005,0.42558696502235904
2.0100000000000002,0.5871717331548705
2.015,0.7713618473652178
2.02,0.6679340125964616
2.025,0.37622283438244947
2.0300000000000002,0.2967298255902772
2.035,0.01862815340962514
2.04,-0.011077042400743087
2.045,-0.11567486852929511
2.05,-0.10073975828443925
2.055,-0.1920931759754618
2.06,-0.4597380478585655
2.065,-0.658039595361638
2.07,-0.6725232552190096
2.075,-0.5571474046729054
2.08,-0.378861521804861
2.085,-0.0252240155690624
2.09,0.4199111401580635
2.095,0.5536707286829535
2.1,0.7751622601766981
2.105,0.6568865759193481
2.11,0.5107915880254704
2.115,0.17637704592307313
2.12,-0.08439033340231203
2.125,-0.19446825399219955
2.13,-0.309992782597919
2.1350000000000002,-0.25815768731368655
2.14,-0.3314430363289668
2.145,-0.4025014821447779
2.15,-0.5292365660018986
2.1550000000000002,-0.5159817732815417
2.16,-0.5207016516698296
2.165,-0.2890477699248588
2.17,0.039246500929705525
2.1750000000000003,0.35147221995873257
2.18,0.7277237334178769
2.185,0.8567044142407565
2.19,0.7872969357014277
2.195,0.510189169550628
2.2,0.184382633766712
2.205,-0.05548765910887383
2.21,-0.18517863178962118
2.215,-0.4152430423698755
2.22,-0.34355439710810953
2.225,-0.36619490514215447
2.23,-0.3174274168097093
2.235,-0.3804597216491723
2.24,-0.38905529447728754
2.245,-0.5481417371061483
2.25,-0.280054133915829
2.255,-0.0160622967100715
2.2600000000000002,0.3739955715996812
2.265,0.6472237868900632
2.27,0.8089130494621307
2.275,0.8274785318287746
2.2800000000000002,0.649435491056632
2.285,0.06317619608163802
2.29,-0.15939923020271707
2.295,-0.3775904331884667
2.3000000000000003,-0.4993808094709092
2.305,-0.5003264312340713
2.31,-0.47480357127722206
2.315,-0.3866293281779158
2.32,-0.2777193459470381
2.325,-0.25977441210009206
2.33,-0.27833690188543864
2.335,-0.20668209978304525
2.34,0.06763098982284148
2.345,0.35101898410565335
2.35,0.6751683893741631
2.355,0.8199164996921807
2.36,0.7573785683719081
2.365,0.5734886802344097
2.37,0.14620686754384948
2.375,-0.13577609935374552
2.38,-0.41126465237637594
2.3850000000000002,-0.6671922200922773
2.39,-0.5686892118784185
2.395,-0.5211187960396768
2.4,-0.2792855626643495
2.4050000000000002,-0.18766335834277345
2.41,-0.19411628881699086
2.415,-0.09520103117623269
2.42,-0.0834226068786482
2.4250000000000003,0.07359857465160238
2.43,0.3188047631345791
2.435,0.5901825000625366
2.44,0.744338545737182
2.445,0.7632044957733581
2.45,0.5241724727591012
2.455,0.2419845479002674
2.46,-0.14458989612382286
2.465,-0.5490654931302801
2.47,-0.7661108051523976
2.475,-0.6479378729520084
2.48,-0.4797157345491632
2.485,-0.344288507620222
2.49,-0.2270254411007041
2.495,-0.04220871939423825
2.5,0.07623340645038601
2.505,-0.03826956452162236
2.5100000000000002,0.1865958730115615
2.515,0.3204443609792448
2.52,0.4938598760466694
2.525,0.709041511929079
2.5300000000000002,0.6298105729396113
2.535,0.5391196321682648
2.54,0.26130130611449204
2.545,-0.19491527522120378
2.5500000000000003,-0.5987415213948619
2.555,-0.8444526821614335
2.56,-0.8246070360347298
2.565,-0.6892861467015118
2.57,-0.2672591363675372
2.575,-0.11822329127324982
2.58,0.009609847606831708
2.585,0.08003728111447071
2.59,0.1292451158416408
2.595,0.21607714565432568
2.6,0.26873924998372206
2.605,0.5553710628338792
2.61,0.5523720905764814
2.615,0.5691378719660541
2.62,0.485769322200641
2.625,0.24930591310651218
2.63,-0.13897829930885502
2.6350000000000002,-0.5883459933205715
2.64,-0.775696643039354
2.645,-0.806536771333701
2.65,-0.6213934337954871
2.6550000000000002,-0.35023574130567714
2.66,-0.11003686048273636
2.665,0.10186397522811542
2.67,0.2919534083991418
2.6750000000000003,0.25438562926993796
2.68,0.38212961403557444
2.685,0.3414922009293274
2.69,0.3558263154462411
2.695,0.4669879343704049
2.7,0.47425209996938855
2.705,0.38663113175038705
2.71,0.19116917235487776
2.715,-0.2765891210208057
2.72,-0.6477179205992231
2.725,-0.7764829931732452
2.73,-0.849825970705356
2.735,-0.6752558240382763
2.74,-0.35716762834344307
2.745,-0.042399383073670915
2.75,0.2899844868496443
2.755,0.36375242302075195
2.7600000000000002,0.4452804516613978
2.765,0.3608372865465782
2.77,0.30017496335349947
2.775,0.37865472419501794
2.7800000000000002,0.3987294645920696
2.785,0.2766376804825911
2.79,0.23817664807013492
2.795,0.10936447468662353
2.8000000000000003,-0.1522132360727283
2.805,-0.5634218497169308
2.81,-0.7808050133115183
2.815,-0.9099163216347976
2.82,-0.5736844968399869
2.825,-0.36802370862864764
2.83,0.029473421818489574
2.835,0.3481744051096405
2.84,0.5619211504454377
2.845,0.5919990634646569
2.85,0.47662028408854873
2.855,0.4208311920823913
2.86,0.3012814155610066
2.865,0.32233030321351935
2.87,0.1997949693879987
2.875,0.1497136666794239
2.88,0.06168966121629711
2.8850000000000002,-0.1492072387461334
2.89,-0.488792836269268
2.895,-0.7617027783580915
2.9,-0.8143458324564393
2.9050000000000002,-0.7166578060396496
2.91,-0.3006551483489024
2.915,0.03948329385342532
2.92,0.42351806370467493
2.9250000000000003,0.6146704736776436
2.93,0.6381966012756266
2.935,0.6401828428947809
2.94,0.5009330506350419
2.945,0.28680422899142866
2.95,0.14920428683949954
2.955,0.14872681095952428
2.96,0.02668273582673468
2.965,-0.015604982861995145
2.97,-0.26544303500860833
2.975,-0.5056545792904661
2.98,-0.6326662648527475
2.985,-0.7327698646270461
2.99,-0.5635416201687297
2.995,-0.40020805116578306
3.0,0.001172377740120443
3.005,0.3292057321762637
3.0100000000000002,0.565292926935707
3.015,0.6606256224915374
3.02,0.684143903058143
3.025,0.3983043303478947
3.0300000000000002,0.2862031723404823
3.035,0.12494535184339951
3.04,-0.05950865357210065
3.045,-0.011756882786168779
3.0500000000000003,-0.139056918951579
3.055,-0.2014585350367891
3.06,-0.4295208910094288
3.065,-0.5335611196890199
3.0700000000000003,-0.7131186118807266
3.075,-0.5684591120109441
3.08,-0.3832567660055045
3.085,-0.0010758262221426222
3.09,0.42708295571877786
3.095,0.7003821871350023
3.1,0.8046792904915087
3.105,0.7624653488721903
3.11,0.53621121506033
3.115,0.14393915780679445
3.12,-0.0006847322090149377
3.125,-0.14322664252556117
3.13,-0.2741583337243549
3.1350000000000002,-0.2382114595088353
3.14,-0.36353608782694224
3.145,-0.31166432517449555
3.15,-0.5052623748590468
3.1550000000000002,-0.565522932325649
3.16,-0.4553893695152702
3.165,-0.322410414932702
3.17,0.045201622672119926
3.1750000000000003,0.3394097521588403
3.18,0.6707373247808625
3.185,0.769626121372288
3.19,0.761205275390838
3.1950000000000003,0.5816756050375617
3.2,0.2169052475226112
3.205,-0.05055137663131776
3.21,-0.3455869934555598
3.215,-0.41789805371661154
3.22,-0.3935539660275262
3.225,-0.3192536323652147
3.23,-0.3388488153016409
3.235,-0.403139844200843
3.24,-0.4109301047296373
3.245,-0.41597242057413336
3.25,-0.251076223470909
3.255,0.09858870566767262
3.2600000000000002,0.3500815202617971
3.265,0.6925511327716461
3.27,0.9215590677844081
3.275,0.798480775932652
3.2800000000000002,0.5896667577128233
3.285,0.17403363538876265
3.29,-0.046050710653430804
3.295,-0.50567468373873
3.3000000000000003,-0.5563335663436265
3.305,-0.5357618842272909
3.31,-0.3261400169231862
3.315,-0.3218716537835962
3.3200000000000003,-0.32708479372502897
3.325,-0.37765043111194563
3.33,-0.26496417889860496
3.335,-0.15917179231562437
3.34,0.028196971189925035
3.345,0.2884446153368779
3.35,0.5927502720839947
3.355,0.8246721833681135
3.36,0.8040185836434869
3.365,0.5676122066611019
3.37,0.19759784623374943
3.375,-0.26521354335779657
3.38,-0.4679429060120753
3.3850000000000002,-0.6598937635682146
3.39,-0.5876520701673863
3.395,-0.4483031534922775
3.4,-0.36665855574447576
3.4050000000000002,-0.28402281807456237
3.41,-0.13292682415144713
3.415,-0.12735785727714338
3.42,-0.09369932964804986
3.4250000000000003,-0.044266740917144
3.43,0.3447844851707095
3.435,0.6286819494962477
3.44,0.8165869717856575
3.4450000000000003,0.7215942787110144
3.45,0.5227738616006927
3.455,0.18160440631476585
3.46,-0.15374226700591456
3.465,-0.5830082980182435
3.47,-0.7003959120949752
3.475,-0.7304187617753605
3.48,-0.5232161407599887
3.485,-0.41386032236499576
3.49,-0.14389157830844343
3.495,-0.08037911093857336
3.5,-0.0112019152901379
3.505,0.08183447613557712
3.5100000000000002,0.21989026210587168
3.515,0.2512767378597847
3.52,0.5868213188247122
3.525,0.7120393348597588
3.5300000000000002,0.6800174723232258
3.535,0.5944723723433281
3.54,0.205070869962816
3.545,-0.13907790244375862
3.5500000000000003,-0.5845648811090489
3.555,-0.7988232346847568
3.56,-0.6992762712643934
3.565,-0.4890114370395375
3.5700000000000003,-0.31555149484682987
3.575,-0.06118982815265796
3.58,0.03817313348527887
3.585,0.07868933626097639
3.59,0.17130892873673825
3.595,0.3078852289528019
3.6,0.23984683786746264
3.605,0.4467893215871993
3.61,0.4940145479266583
3.615,0.6136804771934218
3.62,0.5140936374294344
3.625,0.11464009319383515
3.63,-0.22564668306442948
3.6350000000000002,-0.49766768091542307
3.64,-0.7928913775673626
3.645,-0.8759638956315036
3.65,-0.7137011905750802
3.6550000000000002,-0.4637533479870304
3.66,-0.024180707588304706
3.665,0.12756738519436253
3.67,0.33570465977756864
3.6750000000000003,0.3569139818934267
3.68,0.28096695700945873
3.685,0.3130980185035711
3.69,0.4460619040607977
3.6950000000000003,0.49054106178650114
3.7,0.5130089383908976
3.705,0.3108386055585714
3.71,0.18876233463509298
3.715,-0.24813401121791717
3.72,-0.6678143019090587
3.725,-0.8242318034845769
3.73,-0.8198620152973183
3.735,-0.5785607755088419
3.74,-0.3980362763792368
3.745,-0.0998360446028049
3.75,0.35617368043920594
3.755,0.4164143964213472
3.7600000000000002,0.4290029402743859
3.765,0.34857604004812287
3.77,0.3064713471718712
3.775,0.42181591251913414
3.7800000000000002,0.35674226748370136
3.785,0.3468462444343196
3.79,0.268780971029816
3.795,0.17315854884052848
3.8000000000000003,-0.2351955222205274
3.805,-0.4987158537190488
3.81,-0.7583074123042693
3.815,-0.8272856971926253
3.8200000000000003,-0.7430876298476494
3.825,-0.35885205573686546
3.83,0.06517436721635225
3.835,0.3126641802908883
3.84,0.4692716793570489
3.845,0.49702623407866475
3.85,0.5029155366864788
3.855,0.370031327788729
3.86,0.2921057164004405
3.865,0.25809292612309137
3.87,0.16279172862708166
3.875,0.21585095648330113
3.88,0.0403478532577752
3.8850000000000002,-0.21692031666006423
3.89,-0.48445804297468803
3.895,-0.6797692465993574
3.9,-0.8057268067559067
3.9050000000000002,-0.7342582994509598
3.91,-0.3371853700530104
3.915,-0.027118355930899642
3.92,0.32402241279503885
3.9250000000000003,0.5214934442600097
3.93,0.6663485029558276
3.935,0.5291374759914087
3.94,0.39227892384937274
3.9450000000000003,0.2801706362415454
3.95,0.15208039682106692
3.955,0.14549248333402048
3.96,0.06049534317530531
3.9650000000000003,-0.07402678464949186
3.97,-0.24634896142800328
3.975,-0.4825049832841481
3.98,-0.628669944664944
3.985,-0.7485930555114406
3.99,-0.679302960000417
3.995,-0.3439565422248255
4.0,0.0048143006543675424
4.005,0.3629259313403472
4.01,0.583137072313108
4.015,0.7715399673131584
4.0200000000000005,0.6729239402990433
4.025,0.45970284585571186
4.03,0.2081605209009338
4.035,0.012157731691402697
4.04,-0.056573375350256826
4.045,-0.08310681802307235
4.05,-0.15680944646894004
4.055,-0.26494184294184214
4.0600000000000005,-0.4416443526934364
4.065,-0.5645744132809204
4.07,-0.6542714470891403
4.075,-0.6372138001360926
4.08,-0.3222826944740997
4.085,0.04502000093710303
4.09,0.4361768047919794
4.095,0.6852142997202624
4.1,0.7986899731247746
4.105,0.6681178473021401
4.11,0.5337839144735592
4.115,0.10639986486705463
4.12,-0.04817990438271101
4.125,-0.19376871608158558
4.13,-0.19376142608843627
4.135,-0.2575321590741483
4.14,-0.34554787678430077
4.1450000000000005,-0.45496880356400915
4.15,-0.5298363456126902
4.155,-0.5562644576931861
4.16,-0.5125066308764564
4.165,-0.32515465556141016
4.17,-0.018959225950997145
4.175,0.3812732342305618
4.18,0.7491132130933231
4.1850000000000005,0.7842275675867176
4.19,0.7732966730089049
4.195,0.611052294606655
4.2,0.23344125430765506
4.205,-0.11756203924070341
4.21,-0.26122801302533794
4.215,-0.4113378953014374
4.22,-0.36992442303893425
4.225,-0.27018051890921985
4.23,-0.2619634415988717
4.235,-0.48780686882460556
4.24,-0.4070582037651882
4.245,-0.3109718715679847
4.25,-0.2772669505415279
4.255,0.046296495657228286
4.26,0.4547569821391123
4.265,0.6587910335957676
4.2700000000000005,0.8635630326921407
4.275,0.7904252155100269
4.28,0.4580707495710157
4.285,0.22167379266498757
4.29,-0.15308272113967508
4.295,-0.3467865589150573
4.3,-0.3949481046209343
4.305,-0.4488751023069048
4.3100000000000005,-0.4255000616642006
4.315,-0.3169881614138264
4.32,-0.303879365488612
4.325,-0.26241351984951633
4.33,-0.35511002073557574
4.335,-0.22318985563767146
4.34,-0.03941368514006137
4.345,0.3933752002360773
4.3500000000000005,0.6469378249311228
4.355,0.781994650012168
4.36,0.7522056966253106
4.365,0.5353454653368239
4.37,0.15878631622185085
4.375,-0.1928467755678488
4.38,-0.495092204171811
4.385,-0.538768304171404
4.39,-0.5735761927064015
4.3950000000000005,-0.5124818105976449
4.4,-0.3620640867644037
4.405,-0.17292227624429993
4.41,-0.15998601417119834
4.415,-0.13018858694892907
4.42,-0.02583571361001985
4.425,0.18505472856716576
4.43,0.2863747952330734
4.4350000000000005,0.559941314214188
4.44,0.6734781438579778
4.445,0.7802312950738605
4.45,0.5359844804102235
4.455,0.1701571895907801
4.46,-0.23374979751715058
4.465,-0.48970457168540665
4.47,-0.7018560777315062
4.4750000000000005,-0.7106576493561838
4.48,-0.4738755372683321
4.485,-0.38842973454826984
4.49,-0.22591854523188004
4.495,0.07418550535990173
4.5,-0.018386585911342315
4.505,0.028373201623821762
4.51,0.1263285705551322
4.515,0.32928133897082296
4.5200000000000005,0.5757807643909216
4.525,0.7218046869653667
4.53,0.721954955479987
4.535,0.5103422796514642
4.54,0.1211346692736143
4.545,-0.18960194966918045
4.55,-0.478985540404825
4.555,-0.7020233152128618
4.5600000000000005,-0.7689220401167127
4.565,-0.5570981604792226
4.57,-0.3665153578961425
4.575,-0.10850646959237639
4.58,0.00014980306040521946
4.585,0.12917631808387836
4.59,0.18963565443034303
4.595,0.22441718634499772
4.6000000000000005,0.3713679368678374
4.605,0.5657393881947961
4.61,0.6558234425411885
4.615,0.5930193794169708
4.62,0.4338222628741372
4.625,0.14414371248663221
4.63,-0.25406705068870106
4.635,-0.5622543585083175
4.64,-0.7674121107508792
4.6450000000000005,-0.8048495687785249
4.65,-0.638205658139552
4.655,-0.3551109633683269
4.66,-0.06944814638135557
4.665,0.12775566945565833
4.67,0.36940292585509377
4.675,0.36593911797202605
4.68,0.2685556519821056
4.6850000000000005,0.2942336319412089
4.69,0.37781667729311474
4.695,0.48472111399639506
4.7,0.5625697678905974
4.705,0.4439354592329891
4.71,0.1972642476744167
4.715,-0.14997601218975926
4.72,-0.49901896688665354
4.7250000000000005,-0.7565510614327287
4.73,-0.8182366457053616
4.735,-0.689369787162879
4.74,-0.4665833656615485
4.745,-0.03980807233020363
4.75,0.34009888644098407
4.755,0.3814041821830763
4.76,0.41077690445907983
4.765,0.45324616325985645
4.7700000000000005,0.36070148807855795
4.775,0.32387962848205043
4.78,0.4481599644900602
4.785,0.4049444769162432
4.79,0.33215550688161405
4.795,0.06653648775865599
4.8,-0.18087225283863395
4.805,-0.5112991870411103
4.8100000000000005,-0.7327606068098133
4.815,-0.7817905082705748
4.82,-0.6429213905364649
4.825,-0.38325522689300107
4.83,0.019217732829927656
4.835,0.25801945922190606
4.84,0.5474395733136138
4.845,0.5958106671479234
4.8500000000000005,0.4739369495971264
4.855,0.34494313796606474
4.86,0.2943865529176639
4.865,0.19682884439478543
4.87,0.2536163959821984
4.875,0.1915117532182345
4.88,-0.01879643031286883
4.885,-0.2108111303179155
4.89,-0.44266526894557157
4.8950000000000005,-0.6729458824363865
4.9,-0.7578709888600232
4.905,-0.6992646005234773
4.91,-0.4124036953077557
4.915,-0.02499530791957259
4.92,0.38992989925957455
4.925,0.7171866015497413
4.93,0.7362029630963354
4.9350000000000005,0.66080830505146
4.94,0.4857307981010158
4.945,0.17706801843330655
4.95,0.14038094016798416
4.955,0.07304590453674976
4.96,0.10771736405855961
4.965,0.03058727760510041
4.97,-0.2630597127571036
4.9750000000000005,-0.45520326723262156
4.98,-0.6331296822595154
4.985,-0.7740892035744745
4.99,-0.69018302399091
4.995,-0.42007465983564907
5.0,0.04424439767533987
5.005,0.3407467856002206
5.01,0.715522809989545
5.015,0.7540089384641465
5.0200000000000005,0.6985718813015044
5.025,0.5343881804214663
5.03,0.1964174928912686
5.035,0.012998102572800124
5.04,-0.02390175987666197
5.045,-0.1462600877292073
5.05,-0.1869181953920045
5.055,-0.2633800065556725
5.0600000000000005,-0.4103926861938433
5.065,-0.6436882924917812
5.07,-0.6850588557671073
5.075,-0.5704728066566622
5.08,-0.2931462018499567
5.085,-0.09251603345490718
5.09,0.4606859430504733
5.095,0.7357435348609508
5.1000000000000005,0.754261184682786
5.105,0.6527375674422992
5.11,0.5168712795828586
5.115,0.1922704195421365
5.12,-0.021846577347317226
5.125,-0.13386670159227965
5.13,-0.25511665035211084
5.135,-0.2494109348885457
5.14,-0.2736461404227893
5.1450000000000005,-0.33933652076059323
5.15,-0.4056194596143205
5.155,-0.4768699833246519
5.16,-0.5032478029926221
5.165,-0.32703428154003283
5.17,0.1334262216138667
5.175,0.4236716231584525
5.18,0.7205051102984702
5.1850000000000005,0.7844548639435514
5.19,0.8103756934176908
5.195,0.4914700858495104
5.2,0.18294866225154896
5.205,-0.16118738709879094
5.21,-0.32007462288747773
5.215,-0.3706265129321567
5.22,-0.44490132236424973
5.2250000000000005,-0.39239066067168943
5.23,-0.3605351420772776
5.235,-0.4651873135990431
5.24,-0.50434203083333
5.245,-0.44977174292022726
5.25,-0.31999640054076584
5.255,0.06392601950664865
5.26,0.32997557612760836
5.265,0.721713436292862
5.2700000000000005,0.8870075235290814
5.275,0.7337779042930703
5.28,0.5563776346891216
5.285,0.1805459469192075
5.29,-0.2004793027197271
5.295,-0.4098510635177489
5.3,-0.5116251343388476
5.305,-0.44766017523953566
5.3100000000000005,-0.35604904275080845
5.315,-0.39429463346586885
5.32,-0.3341903280679051
5.325,-0.28713155085466613
5.33,-0.22448009257205476
5.335,-0.2865779348393437
5.34,0.12657854966394694
5.345,0.3546528462777253
5.3500000000000005,0.7242973891903498
5.355,0.7928767173198888
5.36,0.7470379512564701
5.365,0.5661981489825337
5.37,0.2635060595225928
5.375,-0.17524621303785687
5.38,-0.5879777114047088
5.385,-0.5741351822385969
5.39,-0.670041416338112
5.3950000000000005,-0.5203745407235522
5.4,-0.3908338789374457
5.405,-0.32459277623440846
5.41,-0.2451279794552731
5.415,-0.19424000731922683
5.42,-0.09242959002001083
5.425,0.1030863465841243
5.43,0.3305416427248956
5.4350000000000005,0.5232048420731817
5.44,0.7514246140408778
5.445,0.8041240715858888
5.45,0.6023359364587668
5.455,0.21048235682330627
5.46,-0.16466900332743867
5.465,-0.47965942642903253
5.47,-0.6266694381450404
5.4750000000000005,-0.5993090083117488
5.48,-0.5526574741969362
5.485,-0.34970894842762457
5.49,-0.0890596397619006
5.495,0.022506780589117287
5.5,0.0770328460015965
5.505,-0.06163118129269676
5.51,0.15171511867963303
5.515,0.17335032606817002
5.5200000000000005,0.573140361257012
5.525,0.6869123189251268
5.53,0.697361041806425
5.535,0.5173876594214446
5.54,0.2608069287188648
5.545,-0.21840507805566234
5.55,-0.5032696910239086
5.555,-0.727807345537872
5.5600000000000005,-0.7426683352676586
5.565,-0.5740952654347032
5.57,-0.341705433504651
5.575,-0.16043534326385006
5.58,0.09767902775887558
5.585,0.18061413619903277
5.59,0.17541316619896508
5.595,0.26940479603792694
5.6000000000000005,0.3778162294125051
5.605,0.407479155863878
5.61,0.5826347852330789
5.615,0.5861045870484215
5.62,0.42512340934624937
5.625,0.19289241551297615
5.63,-0.24733598235123908
5.635,-0.5856741371103952
5.64,-0.7761981019282229
5.6450000000000005,-0.7965090381245548
5.65,-0.6318108487385253
5.655,-0.25132556156830416
5.66,-0.08802980061198314
5.665,0.17738278964345747
5.67,0.22287843130811996
5.675,0.3376303270148566
5.68,0.371641125512826
5.6850000000000005,0.40018871525344096
5.69,0.37533960974468666
5.695,0.46909646487248835
5.7,0.5627368761098263
5.705,0.38852455564659394
5.71,0.19181045018410975
5.715,-0.25298883442437026
5.72,-0.4851706098461745
5.7250000000000005,-0.7420231468484003
5.73,-0.8177595512261727
5.735,-0.7233438714581808
5.74,-0.3873804790917937
5.745,-0.025783916314689265
5.75,0.26317060316525387
5.755,0.40316355484577576
5.76,0.4311396848150637
5.765,0.4119981696019256
5.7700000000000005,0.42644824552096217
5.775,0.2474882240215173
5.78,0.30168317756374124
5.785,0.29649301725662297
5.79,0.2599277292401624
5.795,0.007752250024109314
5.8,-0.17806884691277183
5.805,-0.5253378106889924
5.8100000000000005,-0.7843033705877711
5.815,-0.8733261485150264
5.82,-0.6913821795736569
5.825,-0.382867284632021
5.83,0.001255915082239472
5.835,0.27882261835269406
5.84,0.5477246282224464
5.845,0.4881672632543373
5.8500000000000005,0.5558514725703138
5.855,0.22979448706276173
5.86,0.26764182934500447
5.865,0.19738689858650038
5.87,0.2760595632866534
5.875,0.1025190541960627
5.88,0.11972413164156562
5.885,-0.29041881778658774
5.89,-0.39462790654863955
5.8950000000000005,-0.703676059387355
5.9,-0.8068620806942113
5.905,-0.6699572953274041
5.91,-0.28586809508366096
5.915,0.03920183897036928
5.92,0.248626872492758
5.925,0.6593044644541634
5.93,0.6775415874535408
5.9350000000000005,0.5006685308644996
5.94,0.4562597125570617
5.945,0.19715088456252497
5.95,0.1594765577959849
5.955,0.10634026875496198
5.96,0.012818582638168229
5.965,-0.021453751657074686
5.97,-0.28094391560581916
5.9750000000000005,-0.44757717587736673
5.98,-0.6883542678347535
5.985,-0.7587996563317438
5.99,-0.5626123940576031
5.995,-0.3806004757986352
6.0,-0.054368623410994896
6.005,0.38034118950418705
6.01,0.6202937684340127
6.015000000000001,0.750990762464672
6.0200000000000005,0.6690847732227697
6.025,0.4613853588657692
6.03,0.23405435294930982
6.035,0.02660903216106884
6.04,-0.022778339274506797
6.045,-0.04181024561732895
6.05,-0.1814396277765521
6.055,-0.2606262789007988
6.0600000000000005,-0.4152006722178913
6.065,-0.5188321969087594
6.07,-0.6119858826967125
6.075,-0.6360956403297315
6.08,-0.35667818794938566
6.085,-0.0692469504623524
6.09,0.34722250046463826
6.095,0.6924977688671198
6.1000000000000005,0.8398949338088569
6.105,0.7737961552628141
6.11,0.4805109548943371
6.115,0.1455423027324517
6.12,-0.008787587853375203
6.125,-0.18542872430509574
6.13,-0.21537435592782916
6.135,-0.24949529169154433
6.140000000000001,-0.2615380036366325
6.1450000000000005,-0.35089906613373006
6.15,-0.45119971163874434
6.155,-0.5845528687145762
6.16,-0.46548406313108714
6.165,-0.340424802211656
6.17,0.01950412329361663
6.175,0.4848093412201412
6.18,0.7170651895762887
6.1850000000000005,0.7809424261437451
6.19,0.8461359070220085
6.195,0.580128445051686
6.2,0.26274851732719623
6.205,-0.08490487857074897
6.21,-0.27698538871806544
6.215,-0.385386867755979
6.22,-0.4052734223675568
6.2250000000000005,-0.2713825262741687
6.23,-0.3750882819081359
6.235,-0.42641029630051686
6.24,-0.4642363283886254
6.245,-0.3152853360973322
6.25,-0.20609319990472405
6.255,0.014951351006261635
6.26,0.3771138329173494
6.265000000000001,0.7089396076454897
6.2700000000000005,0.8848852017542291
6.275,0.7128610301079981
6.28,0.5995282707143894
6.285,0.19346641033485507
6.29,-0.1781784733260655
6.295,-0.4127089280404185
6.3,-0.46002109506355815
6.305,-0.39514805941080244
6.3100000000000005,-0.3997342089397099
6.315,-0.31165052342133726
6.32,-0.3546696662124328
6.325,-0.28899530544019086
6.33,-0.2420382724633286
6.335,-0.23927503319103527
6.34,0.037199940723921784
6.345,0.4025609072119596
6.3500000000000005,0.5599431324101397
6.355,0.7953065465266153
6.36,0.8185029172826219
6.365,0.4794269855238848
6.37,0.1853444307816003
6.375,-0.17403478561458519
6.38,-0.42586172809551626
6.385,-0.6722038394727023
6.390000000000001,-0.5342660413877938
6.3950000000000005,-0.45627193306701336
6.4,-0.27302748176373626
6.405,-0.17470827151879254
6.41,-0.16556784538704766
6.415,-0.12066030333135601
6.42,-0.14884041659916403
6.425,0.03824207290425817
6.43,0.29697516674365787
6.4350000000000005,0.5798245840205289
6.44,0.8071710770307071
6.445,0.666316509403843
6.45,0.5389275327259113
6.455,0.13768817982535694
6.46,-0.27352349045535074
6.465,-0.45042704837617076
6.47,-0.689825439703496
6.4750000000000005,-0.6023739102645023
6.48,-0.4774374065514804
6.485,-0.38219589833714296
6.49,-0.25543373171813133
6.495,0.04795761311957447
6.5,-0.02025116240534544
6.505,-0.0016806334523968014
6.51,0.1972580949854789
6.515000000000001,0.3429507835050939
6.5200000000000005,0.5030735809349863
6.525,0.6668355162927883
6.53,0.7028183401736616
6.535,0.5279700330169037
6.54,0.2334139205691143
6.545,-0.2214229930899861
6.55,-0.5720830018116293
6.555,-0.725455696033216
6.5600000000000005,-0.7448618476682319
6.565,-0.5425121462631973
6.57,-0.35973613798588866
6.575,-0.11066577025889618
6.58,0.004068246736141118
6.585,0.2199079998157349
6.59,0.11291855257847018
6.595,0.24297216173289002
6.6000000000000005,0.28827177530167797
6.605,0.4884246176654058
6.61,0.6269599272544979
6.615,0.5263025050386443
6.62,0.4598342211522735
6.625,0.08894123933212758
6.63,-0.13496306981156045
6.635,-0.5861122070809633
6.640000000000001,-0.8672945715414181
6.6450000000000005,-0.8490981298076982
6.65,-0.5823220641384975
6.655,-0.28864324854825263
6.66,0.0006852413950611674
6.665,0.12565583529479873
6.67,0.2755566776489175
6.675,0.39530004662655016
6.68,0.27738916898984783
6.6850000000000005,0.3227607505390994
6.69,0.35943760865867447
6.695,0.4248660111417281
6.7,0.5599285071813637
6.705,0.4247271508744429
6.71,0.1663581204661695
6.715,-0.1753848583365142
6.72,-0.5032733159626195
6.7250000000000005,-0.7178673924018488
6.73,-0.8413216877589766
6.735,-0.7004592299512954
6.74,-0.43058584593685145
6.745,0.020768374318637928
6.75,0.22425189260328826
6.755,0.33367230449135205
6.76,0.42862185292902194
6.765000000000001,0.40359252403514095
6.7700000000000005,0.3982956498054039
6.775,0.3980696022797646
6.78,0.3337268140078229
6.785,0.33372591219992565
6.79,0.27786988074213587
6.795,0.034194303521139724
6.8,-0.21120950902243857
6.805,-0.5070639757605105
6.8100000000000005,-0.7694682293949564
6.815,-0.9199157838417431
6.82,-0.758828686489817
6.825,-0.32748629502073967
6.83,-0.06592458432746995
6.835,0.3521972119275099
6.84,0.5468574157555177
6.845,0.5454924325298209
6.8500000000000005,0.44353142613316676
6.855,0.39415175988609197
6.86,0.2530183262290785
6.865,0.2487119070174256
6.87,0.24187428416078519
6.875,0.14093297154248074
6.88,0.017287291078912435
6.885,-0.22861027298142764
6.890000000000001,-0.5578255062339613
6.8950000000000005,-0.7356054036735642
6.9,-0.8402603824723917
6.905,-0.782955508246624
6.91,-0.4123838460434851
6.915,-0.019599580834412357
6.92,0.33005117568953085
6.925,0.49650904972388543
6.93,0.7047564642657054
6.9350000000000005,0.6156980856674115
6.94,0.45076054182066916
6.945,0.27394806272481903
6.95,0.08757437249284475
6.955,0.10082261107279407
6.96,-0.0011423222875880795
6.965,0.05554385907456183
6.97,-0.2558945444056371
6.9750000000000005,-0.42375708079276375
6.98,-0.7386130715669404
6.985,-0.8086476668090496
6.99,-0.6855810042553496
6.995,-0.35107664638872926
7.0,0.02738218021571103
7.005,0.4006107195528461
7.01,0.5660571956202138
7.015000000000001,0.8062359698460165
7.0200000000000005,0.6146792905421066
7.025,0.5379064664765378
7.03,0.3231725283373611
7.035,0.09514099046166774
7.04,0.004182550681633389
7.045,-0.15774296215415273
7.05,-0.021365689292606238
7.055,-0.24681361051375683
7.0600000000000005,-0.3682463839839899
7.065,-0.6244283093246165
7.07,-0.6692029566372444
7.075,-0.6589360736074137
7.08,-0.3722887595602806
7.085,0.0062256261475530286
7.09,0.40828780601159403
7.095,0.7615389487340388
7.1000000000000005,0.8324400286468301
7.105,0.7382629053444818
7.11,0.4979780225865303
7.115,0.3137096139860976
7.12,-0.05758530608961529
7.125,-0.11736639864669254
7.13,-0.33463575501341875
7.135,-0.3013912554319622
7.140000000000001,-0.27679938835652
7.1450000000000005,-0.3916827703054009
7.15,-0.34301291167577874
7.155,-0.43262212165502023
7.16,-0.5912158680650683
7.165,-0.3688146958390849
7.17,0.0081549549792551
7.175,0.4787923929460043
7.18,0.7560635958319608
7.1850000000000005,0.8556179214160686
7.19,0.7008965853184073
7.195,0.48791400633439275
7.2,0.0715437499661499
7.205,-0.17150496490219258
7.21,-0.2728404077292059
7.215,-0.334130668483559
7.22,-0.43531270143771644
7.2250000000000005,-0.3423009254794794
7.23,-0.27516105753665476
7.235,-0.3940004184767974
7.24,-0.45715896622524993
7.245,-0.377577532246678
7.25,-0.22337817204567936
7.255,0.03762576825056457
7.26,0.35287489197584565
7.265000000000001,0.6624517584145674
7.2700000000000005,0.8457337308629895
7.275,0.766177948894325
7.28,0.621253476045216
7.285,0.24927573913208856
7.29,-0.08923267640100335
7.295,-0.29154699884766944
7.3,-0.4203982177816635
7.305,-0.4118999186144053
7.3100000000000005,-0.3883244982055888
7.315,-0.34889462869527094
7.32,-0.19868299697415875
7.325,-0.34701728899496176
7.33,-0.31391864122507623
7.335,-0.2081222261622479
7.34,0.0738392307268331
7.345,0.38415424468332127
7.3500000000000005,0.6995935217704189
7.355,0.802963410678146
7.36,0.7019687702258125
7.365,0.580087679142474
7.37,0.25408092820698674
7.375,-0.1749831587163171
7.38,-0.47685082872648177
7.385,-0.5799364842413879
7.390000000000001,-0.5179055790096732
7.3950000000000005,-0.47465938288997517
7.4,-0.4036775258987812
7.405,-0.2608925826129615
7.41,-0.19070501819533164
7.415,-0.23481008520440055
7.42,-0.023222066056934332
7.425,0.0675389530769041
7.43,0.37279370802747347
7.4350000000000005,0.6071005164310231
7.44,0.745086432547536
7.445,0.8370131642661534
7.45,0.5269655453743178
7.455,0.17022714321543614
7.46,-0.180897900007131
7.465,-0.4822160303585584
7.47,-0.6947731443922506
7.4750000000000005,-0.7331724880035037
7.48,-0.5020084172747117
7.485,-0.3058718276280935
7.49,-0.05889798229688434
7.495,-0.06652640752276034
7.5,0.01072078733427786
7.505,0.027241228130279658
7.51,0.08834507511138857
7.515000000000001,0.33991765414674735
7.5200000000000005,0.5792083067124627
7.525,0.6335031501918976
7.53,0.6610374464092731
7.535,0.46552860891218245
7.54,0.26271192787690123
7.545,-0.2353779489037423
7.55,-0.5259129164702303
7.555,-0.7987074338643331
7.5600000000000005,-0.7567298357304049
7.565,-0.628487476946812
7.57,-0.4646145616455669
7.575,-0.10185472677381001
7.58,0.08825763097525634
7.585,0.04075841361505757
7.59,0.17388478949193586
7.595,0.21124380692824946
7.6000000000000005,0.27895829589864896
7.605,0.45899046354976497
7.61,0.49275854702700167
7.615,0.6207976820260523
7.62,0.5296830285271943
7.625,0.11369327432873735
7.63,-0.20844802903750828
7.635,-0.49268833058897576
7.640000000000001,-0.7823481913022777
7.6450000000000005,-0.8399304587947197
7.65,-0.6934168282712218
7.655,-0.3541276075876016
7.66,-0.06947828824460021
7.665,0.1964521609244138
7.67,0.20715620387519906
7.675,0.36741484281587056
7.68,0.29378933384676403
7.6850000000000005,0.3716252485254563
7.69,0.3710077814948341
7.695,0.4181708228582775
7.7,0.4712666067983113
7.705,0.3454746352347607
7.71,0.12514310111803015
7.715,-0.17197332964941586
7.72,-0.5004003491378823
7.7250000000000005,-0.783205903474951
7.73,-0.8679875454772379
7.735,-0.7059832967478737
7.74,-0.34978345708958014
7.745,0.023465680902033735
7.75,0.2338464253025235
7.755,0.40212663550376887
7.76,0.4044808454596569
7.765000000000001,0.4127166417320816
7.7700000000000005,0.40451275688058325
7.775,0.20259572933980938
7.78,0.38305044056022436
7.785,0.34620186075481557
7.79,0.17788242033809631
7.795,0.11044821103819322
7.8,-0.2102003488097954
7.805000000000001,-0.5116565973755357
7.8100000000000005,-0.8399157664242625
7.815,-0.7323918746028201
7.82,-0.6936918576521562
7.825,-0.4089343262028024
7.83,0.060951677013806715
7.835,0.3478874563602368
7.84,0.5569027767100481
7.845,0.6197560434549336
7.8500000000000005,0.389799664628616
7.855,0.4670970692833864
7.86,0.27995883770485674
7.865,0.2717758561985194
7.87,0.2827133264687976
7.875,0.14116146726730777
7.88,0.044527258759195505
7.885,-0.17504608330037696
7.890000000000001,-0.49814314424355455
7.8950000000000005,-0.7013443571735801
7.9,-0.8886943925707848
7.905,-0.7513516793293695
7.91,-0.4530063350480137
7.915,0.013102755780777745
7.92,0.5474404713187937
7.925,0.6127346540927909
7.930000000000001,0.6585592453540963
7.9350000000000005,0.578294752159672
7.94,0.46739981360202326
7.945,0.29340142267377434
7.95,0.09307836293232266
7.955,0.14552926621252202
7.96,0.04404190974497553
7.965,-0.012881123677091752
7.97,-0.32981369967383456
7.9750000000000005,-0.5348722491934006
7.98,-0.6311463635558496
7.985,-0.8397008313695837
7.99,-0.639268589765449
7.995,-0.3692954293295549
8.0,0.007284416760795591
8.005,0.4039781887166738
8.01,0.6720325535680144
8.015,0.7720363710329397
8.02,0.6406745282681997
8.025,0.45604200383711657
8.03,0.37633254887938206
8.035,0.11067668495864177
8.040000000000001,-0.014631322549412198
8.045,-0.07506389239066061
8.05,-0.1867956388904398
8.055,-0.2463658917078543
8.06,-0.4305813567943676
8.065,-0.5342154254064512
8.07,-0.711708673298923
8.075,-0.7177453714508559
8.08,-0.38831565164207005
8.085,0.04028911929242826
8.09,0.5184378219823322
8.095,0.7430158020861561
8.1,0.759469576108067
8.105,0.7151241235746195
8.11,0.44850381391668215
8.115,0.20385193217036468
8.120000000000001,-0.07349693930709522
8.125,-0.25897880874489687
8.13,-0.21434306408150441
8.135,-0.24771801190548978
8.14,-0.30586234161015025
8.145,-0.3663187832673464
8.15,-0.3917138850681216
8.155,-0.5557416842479306
8.16,-0.5341795375320811
8.165000000000001,-0.2719647271305401
8.17,-0.06683561411411328
8.175,0.4294614465891353
8.18,0.6604970115004505
8.185,0.7984140868377991
8.19,0.7771123918615331
8.195,0.613741328856404
8.2,0.16845176896694583
8.205,-0.047141024821282566
8.21,-0.2753855031334301
8.215,-0.4432822724110288
8.22,-0.3244649093601331
8.225,-0.38919273635261
8.23,-0.4301795155071234
8.235,-0.4419478862555039
8.24,-0.4784157329540162
8.245000000000001,-0.37879993765350267
8.25,-0.286594470930329
8.255,0.10802065801827594
8.26,0.390454906693988
8.265,0.6474896355566803
8.27,0.7992389299469861
8.275,0.8047781181109279
8.28,0.4528575981248555
8.285,0.09553061446714313
8.290000000000001,-0.1881168563251289
8.295,-0.3617099442358715
8.3,-0.49065938436553835
8.305,-0.4819830828041034
8.31,-0.41782625335376217
8.315,-0.44837468389817253
8.32,-0.3302281584256025
8.325,-0.4023176158514804
8.33,-0.24141939605628754
8.335,-0.16531087060198935
8.34,0.05835213261947527
8.345,0.38296286258704293
8.35,0.6640276866505075
8.355,0.8256225836540012
8.36,0.8058639027379109
8.365,0.5345007654944504
8.370000000000001,0.13840576932475
8.375,-0.1597043735358584
8.38,-0.3980666838954549
8.385,-0.5576923979847677
8.39,-0.6004516889900018
8.395,-0.4409476249202428
8.4,-0.35487385107482156
8.405,-0.21364407401417831
8.41,-0.21299842414327333
8.415000000000001,-0.13792482441507234
8.42,0.03826254037264022
8.425,0.14437163150909382
8.43,0.42216886476988197
8.435,0.5585515705926272
8.44,0.7262042473832532
8.445,0.7535086715141414
8.45,0.5827627079223657
8.455,0.19332226973474448
8.46,-0.14497228259408482
8.465,-0.5517988396232673
8.47,-0.6267449132986808
8.475,-0.6357133669074037
8.48,-0.5924335755202262
8.485,-0.30697774477462186
8.49,-0.17390004619756264
8.495000000000001,-0.004607977247327234
8.5,-0.026878278192287653
8.505,0.07110251978581221
8.51,0.18998521658688672
8.515,0.19843132522391507
8.52,0.4426290332507281
8.525,0.6905261397321503
8.53,0.6884312721833895
8.535,0.575058944524244
8.540000000000001,0.20693749354121788
8.545,-0.267295451220124
8.55,-0.5385120659339241
8.555,-0.7930115146109006
8.56,-0.7719898647462727
8.565,-0.6226783151151932
8.57,-0.32981251008387186
8.575000000000001,-0.17684248243607079
8.58,0.005854981771724346
8.585,0.03373256388912936
8.59,0.28980333501441335
8.595,0.18292387018646472
8.6,0.28967651747692086
8.605,0.41380945565387295
8.61,0.5575189942085391
8.615,0.5863372654677207
8.620000000000001,0.5011075856301492
8.625,0.18557212452279553
8.63,-0.18876487406303097
8.635,-0.5935094017446957
8.64,-0.7921327041531873
8.645,-0.7531265170194377
8.65,-0.6490335990044284
8.655,-0.3477398532372851
8.66,-0.16433873103233032
8.665000000000001,0.19069808673240163
8.67,0.2960601291605499
8.675,0.37793952873635245
8.68,0.17632998131829838
8.685,0.34059447307343416
8.69,0.4006958463734705
8.695,0.4868794710930784
8.700000000000001,0.4676642410212931
8.705,0.4031007089459976
8.71,0.17831663477457319
8.715,-0.20285517756104188
8.72,-0.5697782599215261
8.725,-0.8048316918899544
8.73,-0.8612020812517522
8.735,-0.6822954167665188
8.74,-0.41619669670276205
8.745000000000001,-0.1338477094401771
8.75,0.316799193431581
8.755,0.319487049809566
8.76,0.43501196813814136
8.765,0.3359449051786308
8.77,0.3411051026640186
8.775,0.2983295492461674
8.78,0.3667797863074388
8.785,0.33029668496314507
8.790000000000001,0.22800447463682208
8.795,0.10874306264365063
8.8,-0.14054071824080538
8.805,-0.5143809971968593
8.81,-0.767772817345098
8.815,-0.8935431633476122
8.82,-0.7051005895842001
8.825000000000001,-0.3712138966292526
8.83,-0.04961422128575118
8.835,0.3584218649010491
8.84,0.5113481366782017
8.845,0.577358487576233
8.85,0.4665762666843773
8.855,0.3571568285231609
8.86,0.30632246377965033
8.865,0.27469810817326856
8.870000000000001,0.25183849988967266
8.875,0.12377692019400029
8.88,-0.01024461733385399
8.885,-0.21646232980735386
8.89,-0.5911550324479459
8.895,-0.676131125059526
8.9,-0.7949059279573722
8.905,-0.6920877651863522
8.91,-0.4335716417639392
8.915000000000001,0.03316039196910818
8.92,0.3442026334432553
8.925,0.6921264045176052
8.93,0.6831260860183218
8.935,0.5044611618869836
8.94,0.4520983564242935
8.945,0.2287948610734313
8.950000000000001,0.12183017660692202
8.955,0.08003761798148971
8.96,0.03613070869255974
8.965,-0.04383657474683142
8.97,-0.1943784387527085
8.975,-0.43708578959351035
8.98,-0.6999014701287131
8.985,-0.8199446072271425
8.99,-0.7018375643591847
8.995000000000001,-0.37095361549376554
9.0,0.04060525948322711
9.005,0.47338438285556445
9.01,0.5885953210797537
9.015,0.7507892216573356
9.02,0.6466797960405165
9.025,0.4341501899008857
9.03,0.23387209352020544
9.035,0.03852402230009327
9.040000000000001,-0.061486816549698876
9.045,-0.1299463494275741
9.05,-0.13356375672671794
9.055,-0.2078757068924363
9.06,-0.33950301584292175
9.065,-0.610755751886532
9.07,-0.7216057692953408
9.075000000000001,-0.6156663294603818
9.08,-0.40500526169808504
9.085,0.05396578429082328
9.09,0.3515733539362083
9.095,0.6924982284062805
9.1,0.7382610025239073
9.105,0.7056352498555264
9.11,0.5026570223296013
9.115,0.286694013540715
9.120000000000001,-0.06623856921041382
9.125,-0.16126843281284303
9.13,-0.3434619898824204
9.135,-0.3208641795863988
9.14,-0.34106293243476016
9.145,-0.4115958801345932
9.15,-0.4748665110159344
9.155,-0.5330592283086852
9.16,-0.5987523997090424
9.165000000000001,-0.29187269792305165
9.17,-0.043605811696046944
9.175,0.4804265049812001
9.18,0.711754959582527
9.185,0.8437443130997097
9.19,0.7596167365675659
9.195,0.5253019592031527
9.200000000000001,0.2026760631158829
9.205,-0.13249027227233662
9.21,-0.2601379339548072
9.215,-0.3634327800339348
9.22,-0.3360047450510919
9.225,-0.3541308147274802
9.23,-0.3258641282444721
9.235,-0.4434240072743907
9.24,-0.26705811734546
9.245000000000001,-0.4471039603145328
9.25,-0.2754822334666452
9.255,0.0782682865154355
9.26,0.4378485364101182
9.265,0.6404355184754202
9.27,0.7546235701597616
9.275,0.7202794462438153
9.28,0.5014614676291134
9.285,0.16191634656804177
9.290000000000001,-0.15532891579498956
9.295,-0.3449389438003217
9.3,-0.4488598118580705
9.305,-0.5168664953527645
9.31,-0.3834117693974841
9.315,-0.2986685194725924
9.32,-0.24703704479641259
9.325000000000001,-0.32480656128073193
9.33,-0.32362601898256155
9.335,-0.13071272236326414
9.34,0.1352797348530976
9.345,0.3334788391099693
9.35,0.7419871616540782
9.355,0.8966115924832252
9.36,0.7719992029029727
9.365,0.4821981785550701
9.370000000000001,0.17199702580856321
9.375,-0.19772480546538287
9.38,-0.44715288726383046
9.385,-0.6951487304810626
9.39,-0.4715519273650567
9.395,-0.3578934338808753
9.4,-0.37241852852312873
9.405,-0.3293378907233574
9.41,-0.19446838888988502
9.415000000000001,-0.12715445577890364
9.42,0.002028059974492874
9.425,0.13790683528907263
9.43,0.3337035951516623
9.435,0.4953525880793292
9.44,0.7825611558012892
9.445,0.7941435310245666
9.450000000000001,0.5359156134858395
9.455,0.2139833482352076
9.46,-0.18898736749707107
9.465,-0.5399724987397034
9.47,-0.756097950807131
9.475,-0.6705713064019242
9.48,-0.6111096627426085
9.485,-0.26961052350158765
9.49,-0.2112044600424632
9.495000000000001,-0.03450998896470593
9.5,-0.04013023103726825
9.505,0.07088999806174051
9.51,0.14852884609822817
9.515,0.3591267969498306
9.52,0.49345991892055857
9.525,0.5989592581787623
9.53,0.677026651629955
9.535,0.5030234518093708
9.540000000000001,0.1167450091970456
9.545,-0.24195201440783276
9.55,-0.6423055419628111
9.555,-0.7534722322074803
9.56,-0.7829266925328555
9.565,-0.600218668766241
9.57,-0.2208390965890548
9.575000000000001,-0.1015635693111864
9.58,0.07681997436562348
9.585,0.17257759804991324
9.59,0.17191883403724523
9.595,0.19958157896771406
9.6,0.3730368906603715
9.605,0.5192743682611561
9.61,0.4401717591045493
9.615,0.5964036498153338
9.620000000000001,0.449632470262259
9.625,0.14477274029430215
9.63,-0.14687537109588983
9.635,-0.5944968441549796
9.64,-0.7491083071496262
9.645,-0.8449886925631721
9.65,-0.6721222749995777
9.655,-0.3304560668000849
9.66,-0.10361811223339389
9.665000000000001,0.15290923907200638
9.67,0.22412305121427994
9.675,0.2654099646876925
9.68,0.34618262394475297
9.685,0.3648283509999906
9.69,0.34603061627404447
9.695,0.4199730383640972
9.700000000000001,0.6230035073631593
9.705,0.35711950866228787
9.71,0.09637680432479409
9.715,-0.18272175862619866
9.72,-0.5970844390214063
9.725,-0.815613497363023
9.73,-0.8002943645673574
9.735,-0.6374992069198123
9.74,-0.3932345142762357
9.745000000000001,0.029731764926547388
9.75,0.23881590762183483
9.755,0.3924105036302222
9.76,0.4377499944312103
9.765,0.3830288365839124
9.77,0.3789952726058026
9.775,0.35799669195011313
9.78,0.3275310926663387
9.785,0.37873008286143106
9.790000000000001,0.263189561314556
9.795,0.06188090072467514
9.8,-0.21669860979486547
9.805,-0.4832273708585182
9.81,-0.761811319991177
9.815,-0.779872351556146
9.82,-0.6251383905217446
9.825000000000001,-0.39749263911523675
9.83,-0.049519771722467916
9.835,0.2719055388032853
9.84,0.5251726629000387
9.845,0.6008759957261675
9.85,0.5685081774758551
9.855,0.3142952710442579
9.86,0.33950774075906553
9.865,0.3070891782367918
9.870000000000001,0.35447465430391206
9.875,0.18225853360774932
9.88,0.023191248306432738
9.885,-0.292947918056278
9.89,-0.5387413072074811
9.895,-0.7850321740820754
9.9,-0.8626359348223862
9.905,-0.740426617391863
9.91,-0.47583608648509834
9.915000000000001,-0.013742643385688057
9.92,0.37596494025703797
9.925,0.6340506852265059
9.93,0.6576025553669339
9.935,0.6307912468186673
9.94,0.46801629146477475
9.945,0.17834818906000133
9.950000000000001,0.1333154689052302
9.955,0.028790964135308225
9.96,-0.007120055237674977
9.965,-0.04802801871023832
9.97,-0.23950928645493164
9.975,-0.38731793259743397
9.98,-0.5619602615253192
9.985,-0.7319624449991422
9.99,-0.6716029664589577
9.995000000000001,-0.3967266443662578
10.0,-0.003777986916785586
10.005,0.41164985851396857
10.01,0.6189100852232892
10.015,0.7757241908273522
10.02,0.6457010891240045
10.025,0.5069711145479452
10.03,0.294959665933055
10.035,0.13768939418152695
10.040000000000001,-0.056014327970671234
10.045,-0.1651190179315996
10.05,-0.23757495801389833
10.055,-0.2752102533588305
10.06,-0.49194654414183064
10.065,-0.6666728591560769
10.07,-0.6863781210040018
10.075000000000001,-0.6516312534087116
10.08,-0.32859064470759547
10.085,0.0996309852009024
10.09,0.3815060545623
10.095,0.7047660453650008
10.1,0.7269385352311145
10.105,0.732572024662883
10.11,0.4584637950370668
10.115,0.1557202681186682
10.120000000000001,-0.12419467640375509
10.125,-0.09926061938460538
10.13,-0.3196939053094086
10.135,-0.3203630269166143
10.14,-0.29924809575238603
10.145,-0.3715678018364624
10.15,-0.48108994624765644
10.155,-0.5584728243222974
10.16,-0.5621523465288499
10.165000000000001,-0.27912527004122994
10.17,0.02270045092353022
10.175,0.3170241821307239
10.18,0.7771843121914137
10.185,0.8200359995671084
10.19,0.8169348046938018
10.195,0.45531526305818554
10.200000000000001,0.14419380281511474
10.205,-0.1254499951140144
10.21,-0.330847652011852
10.215,-0.3250645288170382
10.22,-0.4533929336318886
10.225,-0.34157464914279695
10.23,-0.40927375357032325
10.235,-0.3784150486681455
10.24,-0.4335343556803539
10.245000000000001,-0.43779715213986853
10.25,-0.1406790939079041
10.255,0.02927746839517585
10.26,0.4324344181089822
10.265,0.6152612072597863
10.27,0.8330146841453809
10.275,0.7961008700593886
10.28,0.5595764417882602
10.285,0.18547509948787266
10.290000000000001,-0.1869701126404803
10.295,-0.5495053290586107
10.3,-0.5296260780187702
10.305,-0.530534642191557
10.31,-0.4214789802329001
10.315,-0.2980728053284101
10.32,-0.20458809728592714
10.325000000000001,-0.288423190545499
10.33,-0.23374224951681824
10.335,-0.13475876125192407
10.34,0.09787958411828346
10.345,0.3912579441308053
10.35,0.6335537628732244
10.355,0.7965864911194365
10.36,0.8039049384484676
10.365,0.6528720202532644
10.370000000000001,0.24331805132401338
10.375,-0.0971921036901254
10.38,-0.5360300473450184
10.385,-0.5957996487944047
10.39,-0.5705355311263918
10.395,-0.4461980978492982
10.4,-0.4022369380303896
10.405,-0.32571440269842905
10.41,-0.28945634999364256
10.415000000000001,-0.16549935905011448
10.42,0.054831533349828696
10.425,0.11611597342968855
10.43,0.2861864706850248
10.435,0.6137200165344416
10.44,0.744987930457724
10.445,0.7636275449950877
10.450000000000001,0.531954898579857
10.455,0.1386553776214523
10.46,-0.2225306433692805
10.465,-0.4888292842654397
10.47,-0.6797551325879573
10.475,-0.623194362315353
10.48,-0.5902824864076356
10.485,-0.2836830134519612
10.49,-0.15953663134108623
10.495000000000001,-0.045677010606671
10.5,0.06265937113671415
10.505,0.04942338079260125
10.51,0.1759629085428908
10.515,0.3687254517066837
10.52,0.5697459091392508
10.525,0.7256236950467825
10.53,0.7602219753217122
10.535,0.5517711073888021
10.540000000000001,0.17474570226208244
10.545,-0.0801321509924147
10.55,-0.5551690685100422
10.555,-0.7352025974335595
10.56,-0.7963707214998007
10.565,-0.7048048299896816
10.57,-0.3845399322138367
10.575000000000001,-0.10087031818359028
10.58,0.09008378726396743
10.585,0.14804864982069582
10.59,0.22406551972332917
10.595,0.28417176709632513
10.6,0.38404119452040947
10.605,0.47358224139323596
10.61,0.595745282358096
10.615,0.5994148059352111
10.620000000000001,0.42858879022175744
10.625,0.2500201632207145
10.63,-0.2653224604806516
10.635,-0.5655908744282088
10.64,-0.7751654988732722
10.645,-0.9189727263634998
10.65,-0.6087304155630191
10.655,-0.3785226890602694
10.66,-0.04961923382424904
10.665000000000001,0.15035003723540294
10.67,0.2084935532942062
10.675,0.3254335715075388
10.68,0.32129737916356893
10.685,0.39142579809797673
10.69,0.4329478968372843
10.695,0.40100618892849793
10.700000000000001,0.5567753096807162
10.705,0.43510267503192657
10.71,0.1842964986223631
10.715,-0.1779666234060548
10.72,-0.5874618317188923
10.725,-0.7646045132580899
10.73,-0.8570281563362281
10.735,-0.5372016732431709
10.74,-0.3890895406946563
10.745000000000001,-0.08666163334641247
10.75,0.23513848734416234
10.755,0.4825574416034207
10.76,0.41571093109505586
10.765,0.28235241318419585
10.77,0.4322795976623506
10.775,0.36641837349506534
10.78,0.3476428964821291
10.785,0.4116391823906808
10.790000000000001,0.25030229031262796
10.795,0.03827764639905502
10.8,-0.15593603149694912
10.805,-0.5537417405034258
10.81,-0.7428902991682049
10.815,-0.836468031966855
10.82,-0.6553764290668184
10.825000000000001,-0.38418265104675803
10.83,-0.11554307136887973
10.835,0.3514959845432675
10.84,0.49369514616984567
10.845,0.6078887733338698
10.85,0.5011739292231908
10.855,0.45697193011365667
10.86,0.2837476251081393
10.865,0.15678600276734267
10.870000000000001,0.2226772003963139
10.875,0.20462609194121192
10.88,0.013642867694085872
10.885,-0.23446935966328009
10.89,-0.4202436004264431
10.895,-0.731577428744342
10.9,-0.7536378810641371
10.905,-0.6822412126596992
10.91,-0.46573672542169353
10.915000000000001,-0.05043115631144725
10.92,0.3466623187221558
10.925,0.6170239312946058
10.93,0.6274412040804098
10.935,0.5128452234467699
10.94,0.369507144969351
10.945,0.2336052879000292
10.950000000000001,0.10817977762340866
10.955,0.06749202010438318
10.96,0.14034252735405262
10.965,-0.03787354249978375
10.97,-0.2687869018965648
10.975,-0.4557113747225969
10.98,-0.5801563602583403
10.985,-0.7153719156196517
10.99,-0.6619279092099178
10.995000000000001,-0.45209928418941076
11.0,-0.08309670108668415
11.005,0.3709918305221642
11.01,0.6552780603882765
11.015,0.6702681715798082
11.02,0.5959105262845025
11.025,0.4568417410188372
11.03,0.1207537139649794
11.035,-0.030612240878939725
11.040000000000001,-0.0460829822031833
11.045,-0.06487454046670951
11.05,-0.1327183059611933
11.055,-0.2060268627474944
11.06,-0.3375844470856088
11.065,-0.5348640134328716
11.07,-0.6774452111784898
11.075000000000001,-0.4912272139961155
11.08,-0.27420918687533
11.085,0.054371299354164494
11.09,0.3568483122954815
11.095,0.7138392856574919
11.1,0.7057238351575986
11.105,0.7115075794986052
11.11,0.3736549343523617
11.115,0.19428297248871704
11.120000000000001,0.024835213464136308
11.125,-0.17364198830783661
11.13,-0.15350915005548085
11.135,-0.25524591892399445
11.14,-0.28990320150115473
11.145,-0.3963771849196934
11.15,-0.4643438911369213
11.155,-0.5608267437839456
11.16,-0.45265140286687333
11.165000000000001,-0.23205814995904572
11.17,0.03650911826966884
11.175,0.3381572648603648
11.18,0.7298725697637826
11.185,0.909754291256668
11.19,0.8069174064841832
11.195,0.5475176019791098
11.200000000000001,0.25559303940069494
11.205,-0.025997068151634772
11.21,-0.4220737608658459
11.215,-0.2948768811069336
11.22,-0.32867470253154707
11.225,-0.3209002088389725
11.23,-0.3815720511979808
11.235,-0.38814724876396633
11.24,-0.4087434071191192
11.245000000000001,-0.47974899868459164
11.25,-0.20961892320963585
11.255,0.03985837490162286
11.26,0.45577301731461123
11.265,0.7202516046644997
11.27,0.8351541755636754
11.275,0.7991109793234707
11.28,0.5894486165076623
11.285,0.21474978213493046
11.290000000000001,-0.1134783859730028
11.295,-0.4258384435968093
11.3,-0.5590838515610242
11.305,-0.5086836256637941
11.31,-0.47560630488857525
11.315,-0.37535558069583785
11.32,-0.29322095862924813
11.325000000000001,-0.3921953215632217
11.33,-0.34168333886592417
11.335,-0.12509285685021568
11.34,0.039351723233284674
11.345,0.36551437727416963
11.35,0.589059941249716
11.355,0.7647679493530444
11.36,0.7763004414060346
11.365,0.6485626172078158
11.370000000000001,0.230376374619482
11.375,-0.25750712999592007
11.38,-0.4449745344159144
11.385,-0.5591414753310884
11.39,-0.5521597825763825
11.395,-0.5297632218166415
11.4,-0.3331720734577877
11.405,-0.12368119358453507
11.41,-0.22629481211809524
11.415000000000001,-0.1252493797470309
11.42,-0.09640642461530358
11.425,0.04519620905495279
11.43,0.3286648096633741
11.435,0.6517635757163895
11.44,0.82150713454762
11.445,0.7144445633057742
11.450000000000001,0.5342901532422774
11.455,0.16233583684286956
11.46,-0.29647877399265987
11.465,-0.49091699644222386
11.47,-0.6137909057970652
11.475,-0.6060262091477943
11.48,-0.5568514221846369
11.485,-0.26660839454197827
11.49,-0.10496355887017941
11.495000000000001,-0.06923052803042286
11.5,0.002964305456404373
11.505,0.04036337629039588
11.51,0.177941920686631
11.515,0.43017282626772957
11.52,0.49371632422841005
11.525,0.6278080063562765
11.53,0.7418194448929704
11.535,0.5306858433975593
11.540000000000001,0.1045577375893987
11.545,-0.25086436525901723
11.55,-0.5927512906334751
11.555,-0.7823660183800578
11.56,-0.7408191395125363
11.565,-0.5438658087463573
11.57,-0.35166684405285753
11.575000000000001,-0.09462553961985762
11.58,0.028341836575675475
11.585,0.199717815123602
11.59,0.2535362409584646
11.595,0.22345653270898963
11.6,0.2996234525488536
11.605,0.5789697492819446
11.61,0.6399612387617151
11.615,0.5674895683294753
11.620000000000001,0.3896707186263718
11.625,0.16597513558940447
11.63,-0.14131846520661506
11.635,-0.5872362507321481
11.64,-0.7967841251636497
11.645,-0.8346500517430425
11.65,-0.6113269842193929
11.655,-0.28923076507582546
11.66,-0.12176815781683104
11.665000000000001,0.15451389359505346
11.67,0.27725530594770476
11.675,0.28651152534466906
11.68,0.2582628438067457
11.685,0.3846815621284965
11.69,0.41907213061471016
11.695,0.5232466244918831
11.700000000000001,0.5795884210230535
11.705,0.3791396379127933
11.71,0.17518565340475964
11.715,-0.22028782943147568
11.72,-0.5545104415016866
11.725,-0.7724535434909503
11.73,-0.8448270246280429
11.735,-0.754659418054483
11.74,-0.29964024969160535
11.745000000000001,-0.021454144716093252
11.75,0.19704875922762716
11.755,0.30227342045580186
11.76,0.44522783055929527
11.765,0.43945880258644915
11.77,0.41159248373037527
11.775,0.40822096796272506
11.78,0.355629866576776
11.785,0.4104370026627443
11.790000000000001,0.2215128119924901
11.795,0.10675114333505302
11.8,-0.15544168862958607
11.805,-0.556244748598076
11.81,-0.7752340036885654
11.815,-0.8294947718373606
11.82,-0.6878670042446167
11.825000000000001,-0.31276930577302764
11.83,-0.06487121811262478
11.835,0.3867868496826238
11.84,0.45722869458509374
11.845,0.5326327041307616
11.85,0.45898494283330643
11.855,0.3837429694023441
11.86,0.2769871763701427
11.865,0.28612796988131195
11.870000000000001,0.2416290254165811
11.875,0.2914526332907177
11.88,0.05242791482691244
11.885,-0.2213702040761208
11.89,-0.47284752452880896
11.895,-0.6916735000538103
11.9,-0.8134534357636921
11.905,-0.7430003340662151
11.91,-0.43134342839320494
11.915000000000001,0.007932228707760275
11.92,0.40651463025549506
11.925,0.6281926472390584
11.93,0.6661021409241156
11.935,0.6142503168713267
11.94,0.39808811554052603
11.945,0.27519715494147545
11.950000000000001,0.2260400891261734
11.955,0.1550469554432502
11.96,0.11756655954687001
11.965,-0.06789767869759145
11.97,-0.21519589565012362
11.975,-0.5032022985682534
11.98,-0.6105875509004025
11.985,-0.7665145467505691
11.99,-0.720361136879124
11.995000000000001,-0.4067378672820757
